,Casino,Web Casino
0,Eyecon,https://slotcatalog.com/en/soft/Eyecon
1,Pragmatic Play,https://slotcatalog.com/en/soft/Pragmatic-Play
2,Reel Kingdom,https://slotcatalog.com/en/soft/Reel-Kingdom
3,Slingo Originals,https://slotcatalog.com/en/soft/Slingo-Originals
4,NetEnt,https://slotcatalog.com/en/soft/NetEnt
5,Play'n Go,https://slotcatalog.com/en/soft/Playn-Go
6,Blueprint,https://slotcatalog.com/en/soft/Blueprint
7,Evolution Gaming,https://slotcatalog.com/en/soft/Evolution-Gaming
8,Red Tiger,https://slotcatalog.com/en/soft/Red-Tiger
9,Inspired Gaming,https://slotcatalog.com/en/soft/Inspired-Gaming
10,Light and Wonder,https://slotcatalog.com/en/soft/Light-and-Wonder
11,Big Time Gaming,https://slotcatalog.com/en/soft/Big-Time-Gaming
12,Gameburger Studios,https://slotcatalog.com/en/soft/Gameburger-Studios
13,Playtech Origins,https://slotcatalog.com/en/soft/Playtech-Origins
14,Fortune Factory Studios,https://slotcatalog.com/en/soft/Fortune-Factory-Studios
15,Reel Time Gaming,https://slotcatalog.com/en/soft/Reel-Time-Gaming
16,Hacksaw Gaming,https://slotcatalog.com/en/soft/Hacksaw-Gaming
17,Wazdan,https://slotcatalog.com/en/soft/Wazdan
18,Playtech,https://slotcatalog.com/en/soft/Playtech
19,Games Global,https://slotcatalog.com/en/soft/Games-Global
20,Slingshot Studios,https://slotcatalog.com/en/soft/Slingshot-Studios
21,Barcrest,https://slotcatalog.com/en/soft/Barcrest
22,Triple Edge Studios,https://slotcatalog.com/en/soft/Triple-Edge-Studios
23,Relax Gaming,https://slotcatalog.com/en/soft/Relax-Gaming
24,All For One Studios,https://slotcatalog.com/en/soft/All-For-One-Studios
25,Area Vegas,https://slotcatalog.com/en/soft/Area-Vegas
26,Neon Valley Studios,https://slotcatalog.com/en/soft/Neon-Valley-Studios
27,PearFiction,https://slotcatalog.com/en/soft/PearFiction
28,Neko Games,https://slotcatalog.com/en/soft/Neko-Games
29,Tom Horn Gaming,https://slotcatalog.com/en/soft/Tom-Horn-Gaming
30,IGT,https://slotcatalog.com/en/soft/IGT
31,Alchemy Gaming,https://slotcatalog.com/en/soft/Alchemy-Gaming
32,Rarestone Gaming,https://slotcatalog.com/en/soft/Rarestone-Gaming
33,Greentube,https://slotcatalog.com/en/soft/Greentube
34,Nolimit City,https://slotcatalog.com/en/soft/Nolimit-City
35,RTG,https://slotcatalog.com/en/soft/RTG
36,Playtech Vikings,https://slotcatalog.com/en/soft/Playtech-Vikings
37,Wizard Games,https://slotcatalog.com/en/soft/Wizard-Games
38,Push Gaming,https://slotcatalog.com/en/soft/Push-Gaming
39,ELK Studios,https://slotcatalog.com/en/soft/ELK-Studios
40,bet365 Software,https://slotcatalog.com/en/soft/bet365-Software
41,Iron Dog Studio,https://slotcatalog.com/en/soft/Iron-Dog-Studio
42,Snowborn Games,https://slotcatalog.com/en/soft/Snowborn-Games
43,Real Dealer Studios,https://slotcatalog.com/en/soft/Real-Dealer-Studios
44,Quickspin,https://slotcatalog.com/en/soft/Quickspin
45,SpinPlay Games,https://slotcatalog.com/en/soft/SpinPlay-Games
46,Aurum Signature Studios,https://slotcatalog.com/en/soft/Aurum-Signature-Studios
47,Switch Studios,https://slotcatalog.com/en/soft/Switch-Studios
48,Northern Lights Gaming,https://slotcatalog.com/en/soft/Northern-Lights-Gaming
49,Spinomenal,https://slotcatalog.com/en/soft/Spinomenal
50,Reel Play,https://slotcatalog.com/en/soft/Reel-Play
51,Yggdrasil,https://slotcatalog.com/en/soft/Yggdrasil
52,Playson,https://slotcatalog.com/en/soft/Playson
53,4ThePlayer,https://slotcatalog.com/en/soft/4ThePlayer
54,CR Games,https://slotcatalog.com/en/soft/CR-Games
55,Gamesys,https://slotcatalog.com/en/soft/Gamesys
56,Ash Gaming,https://slotcatalog.com/en/soft/Ash-Gaming
57,Thunderkick,https://slotcatalog.com/en/soft/Thunderkick
58,1X2gaming,https://slotcatalog.com/en/soft/1x2gaming
59,CORE Gaming,https://slotcatalog.com/en/soft/CORE-Gaming
60,Roxor Gaming,https://slotcatalog.com/en/soft/Roxor-Gaming
61,Skywind Group,https://slotcatalog.com/en/soft/Skywind-Group
62,iSoftBet,https://slotcatalog.com/en/soft/iSoftBet
63,StakeLogic,https://slotcatalog.com/en/soft/StakeLogic
64,RAW iGaming,https://slotcatalog.com/en/soft/RAW-iGaming
65,SYNOT,https://slotcatalog.com/en/soft/SYNOT
66,Design Works Gaming,https://slotcatalog.com/en/soft/Design-Works-Gaming
67,Stormcraft Studios,https://slotcatalog.com/en/soft/Stormcraft-Studios
68,The Stars Group,https://slotcatalog.com/en/soft/The-Stars-Group
69,Fantasma Games,https://slotcatalog.com/en/soft/Fantasma-Games
70,Oros Gaming,https://slotcatalog.com/en/soft/Oros-Gaming
71,Hammertime,https://slotcatalog.com/en/soft/Hammertime
72,Ruby Play,https://slotcatalog.com/en/soft/Ruby-Play
73,Skillzzgaming,https://slotcatalog.com/en/soft/Skillzzgaming
74,OneTouch,https://slotcatalog.com/en/soft/OneTouch
75,Amatic Industries,https://slotcatalog.com/en/soft/Amatic-Industries
76,Bell-Fruit Games,https://slotcatalog.com/en/soft/Bell-Fruit-Games
77,Four Leaf Gaming,https://slotcatalog.com/en/soft/Four-Leaf-Gaming
78,Spribe,https://slotcatalog.com/en/soft/Spribe
79,Bwin.Party,https://slotcatalog.com/en/soft/BwinParty
80,Betsoft,https://slotcatalog.com/en/soft/Betsoft
81,NextGen,https://slotcatalog.com/en/soft/NextGen
82,Pulse 8 Studios,https://slotcatalog.com/en/soft/Pulse-8-Studios
83,Funky Games,https://slotcatalog.com/en/soft/Funky-Games
84,Authentic Gaming,https://slotcatalog.com/en/soft/Authentic-Gaming
85,Realistic,https://slotcatalog.com/en/soft/Realistic
86,Live 5,https://slotcatalog.com/en/soft/Live-5
87,Shuffle Master,https://slotcatalog.com/en/soft/Shuffle-Master
88,Nailed It! Games,https://slotcatalog.com/en/soft/Nailed-It-Games
89,Foxium,https://slotcatalog.com/en/soft/Foxium
90,Cayetano Gaming,https://slotcatalog.com/en/soft/Cayetano-Gaming
91,High Limit Studio,https://slotcatalog.com/en/soft/High-Limit-Studio
92,Wild Streak Gaming,https://slotcatalog.com/en/soft/Wild-Streak-Gaming
93,Bang Bang Games,https://slotcatalog.com/en/soft/Bang-Bang-Games
94,Candle Bets,https://slotcatalog.com/en/soft/Candle-Bets
95,Ino Games,https://slotcatalog.com/en/soft/Ino-Games
96,Gold Coin Studios,https://slotcatalog.com/en/soft/Gold-Coin-Studios
97,Print Studios,https://slotcatalog.com/en/soft/Print-Studios
98,G.Games,https://slotcatalog.com/en/soft/G-Games
99,Prospect Gaming,https://slotcatalog.com/en/soft/Prospect-Gaming
100,Armadillo Studios,https://slotcatalog.com/en/soft/Armadillo-Studios
101,Incredible Technologies,https://slotcatalog.com/en/soft/Incredible-Technologies
102,WMS,https://slotcatalog.com/en/soft/WMS
103,Lucksome,https://slotcatalog.com/en/soft/Lucksome
104,Peter and Sons,https://slotcatalog.com/en/soft/Peter-and-Sons
105,NetGaming,https://slotcatalog.com/en/soft/NetGaming
106,Rival Gaming,https://slotcatalog.com/en/soft/Rival-Gaming
107,Slotmill,https://slotcatalog.com/en/soft/Slotmill
108,Blue Ring Studios,https://slotcatalog.com/en/soft/Blue-Ring-Studios
109,Felt,https://slotcatalog.com/en/soft/Felt
110,Booming Games,https://slotcatalog.com/en/soft/Booming-Games
111,Infinity Dragon Studios,https://slotcatalog.com/en/soft/Infinity-Dragon-Studios
112,Betixon,https://slotcatalog.com/en/soft/Betixon
113,Red7,https://slotcatalog.com/en/soft/Red7
114,SkillOnNet,https://slotcatalog.com/en/soft/SkillOnNet
115,High 5 Games,https://slotcatalog.com/en/soft/High-5-Games
116,Buck Stakes Entertainment,https://slotcatalog.com/en/soft/Buck-Stakes-Entertainment
117,Hot Rise Games,https://slotcatalog.com/en/soft/Hot-Rise-Games
118,TV Bet,https://slotcatalog.com/en/soft/TV-Bet
119,PG Soft,https://slotcatalog.com/en/soft/PG-Soft
120,Games Inc,https://slotcatalog.com/en/soft/Games-Inc
121,GamesOS,https://slotcatalog.com/en/soft/GamesOs
122,Qeetoto,https://slotcatalog.com/en/soft/Qeetoto
123,Leander Games,https://slotcatalog.com/en/soft/Leander-Games
124,Rogue,https://slotcatalog.com/en/soft/Rogue
125,Eurocoin Interactive,https://slotcatalog.com/en/soft/Eurocoin-Interactive
126,AvatarUX Studios,https://slotcatalog.com/en/soft/AvatarUX-Studios
127,Popok Gaming,https://slotcatalog.com/en/soft/Popok-Gaming
128,Bally,https://slotcatalog.com/en/soft/Bally
129,Electric Elephant,https://slotcatalog.com/en/soft/Electric-Elephant
130,Spinberry,https://slotcatalog.com/en/soft/Spinberry
131,Endemol Shine Gaming,https://slotcatalog.com/en/soft/Endemol-Shine-Gaming
132,Lightning Box,https://slotcatalog.com/en/soft/Lightning-Box
133,Ainsworth,https://slotcatalog.com/en/soft/Ainsworth
134,Pixiu Gaming,https://slotcatalog.com/en/soft/Pixiu-Gaming
135,Golden Rock Studios,https://slotcatalog.com/en/soft/Golden-Rock-Studios
136,Storm Gaming,https://slotcatalog.com/en/soft/Storm-Gaming
137,Reflex Gaming,https://slotcatalog.com/en/soft/Reflex-Gaming
138,Slot Factory,https://slotcatalog.com/en/soft/Slot-Factory
139,Arrows Edge,https://slotcatalog.com/en/soft/Arrows-Edge
140,AGS,https://slotcatalog.com/en/soft/AGS
141,Max Win Gaming,https://slotcatalog.com/en/soft/Max-Win-Gaming
142,Section 8 Studio,https://slotcatalog.com/en/soft/Section-8-Studio
143,Half Pixel Studio,https://slotcatalog.com/en/soft/Half-Pixel-Studio
144,GameArt,https://slotcatalog.com/en/soft/GameArt
145,AGT Software,https://slotcatalog.com/en/soft/AGT-Software
146,edict,https://slotcatalog.com/en/soft/edict
147,Connective Games,https://slotcatalog.com/en/soft/Connective-Games
148,Flipluck,https://slotcatalog.com/en/soft/Flipluck
149,Anakatech,https://slotcatalog.com/en/soft/Anakatech
150,Atomic Slot Lab,https://slotcatalog.com/en/soft/Atomic-Slot-Lab
151,Ezugi,https://slotcatalog.com/en/soft/Ezugi
152,Leap Gaming,https://slotcatalog.com/en/soft/Leap-Gaming
153,Aristocrat,https://slotcatalog.com/en/soft/Aristocrat
154,Spearhead Studios,https://slotcatalog.com/en/soft/Spearhead-Studios
155,Nucleus Gaming,https://slotcatalog.com/en/soft/Nucleus-Gaming
156,Wager Gaming,https://slotcatalog.com/en/soft/Wager-Gaming
157,Spieldev,https://slotcatalog.com/en/soft/Spieldev
158,PlayPearls,https://slotcatalog.com/en/soft/PlayPearls
159,Amusnet Interactive,https://slotcatalog.com/en/soft/Amusnet-Interactive
160,Epic Industries,https://slotcatalog.com/en/soft/Epic-Industries
161,Red Rake,https://slotcatalog.com/en/soft/Red-Rake
162,GONG Gaming Technologies,https://slotcatalog.com/en/soft/GONG-Gaming-Technologies
163,Indigo Magic,https://slotcatalog.com/en/soft/Indigo-Magic
164,Wishbone,https://slotcatalog.com/en/soft/Wishbone
165,Crazy Tooth Studio,https://slotcatalog.com/en/soft/Crazy-Tooth-Studio
166,Genii,https://slotcatalog.com/en/soft/Genii
167,Boldplay,https://slotcatalog.com/en/soft/Boldplay
168,Habanero,https://slotcatalog.com/en/soft/Habanero
169,Rabcat,https://slotcatalog.com/en/soft/Rabcat
170,Nektan,https://slotcatalog.com/en/soft/Nektan
171,Gamomat,https://slotcatalog.com/en/soft/Gamomat
172,Merkur,https://slotcatalog.com/en/soft/Merkur
173,2by2 Gaming,https://slotcatalog.com/en/soft/2by2-Gaming
174,Saucify,https://slotcatalog.com/en/soft/Saucify
175,Hurricane Games,https://slotcatalog.com/en/soft/Hurricane-Games
176,Old Skool Studios,https://slotcatalog.com/en/soft/Old-Skool-Studios
177,Boomerang Studios,https://slotcatalog.com/en/soft/Boomerang-Studios
178,Blue Guru Games,https://slotcatalog.com/en/soft/Blue-Guru-Games
179,Intouch Games,https://slotcatalog.com/en/soft/Intouch-Games
180,Kalamba Games,https://slotcatalog.com/en/soft/Kalamba-Games
181,Bluberi,https://slotcatalog.com/en/soft/Bluberi
182,Jelly,https://slotcatalog.com/en/soft/Jelly
183,Psiclone Games,https://slotcatalog.com/en/soft/Psiclone-Games
184,Black Pudding Games,https://slotcatalog.com/en/soft/Black-Pudding-Games
185,Bally Wulff,https://slotcatalog.com/en/soft/Bally-Wulff
186,Bulletproof Games,https://slotcatalog.com/en/soft/Bulletproof-Games
187,NeoGames,https://slotcatalog.com/en/soft/NeoGames
188,Eurostar Studios,https://slotcatalog.com/en/soft/Eurostar-Studios
189,Lady Luck Games,https://slotcatalog.com/en/soft/Lady-Luck-Games
190,Amaya,https://slotcatalog.com/en/soft/Amaya
191,BF games,https://slotcatalog.com/en/soft/BF-games
192,JVL,https://slotcatalog.com/en/soft/JVL
193,Jade Rabbit Studios,https://slotcatalog.com/en/soft/Jade-Rabbit-Studios
194,OpenBet,https://slotcatalog.com/en/soft/OpenBet
195,Reel Life Games,https://slotcatalog.com/en/soft/Reel-Life-Games
196,BetGames,https://slotcatalog.com/en/soft/BetGames
197,AceRun,https://slotcatalog.com/en/soft/AceRun
198,Instant Win Gaming,https://slotcatalog.com/en/soft/Instant-Win-Gaming
199,Revolver Gaming,https://slotcatalog.com/en/soft/Revolver-Gaming
200,Circular Arrow,https://slotcatalog.com/en/soft/Circular-Arrow
201,MetaGU,https://slotcatalog.com/en/soft/MetaGU
202,GamesLab,https://slotcatalog.com/en/soft/GamesLab
203,Chance Interactive,https://slotcatalog.com/en/soft/Chance-Interactive
204,Touchstone Games,https://slotcatalog.com/en/soft/Touchstone-Games
205,FunFair,https://slotcatalog.com/en/soft/FunFair
206,Playzido,https://slotcatalog.com/en/soft/Playzido
207,Smartsoft Gaming,https://slotcatalog.com/en/soft/Smartsoft-Gaming
208,Betdigital,https://slotcatalog.com/en/soft/Betdigital
209,NetGame,https://slotcatalog.com/en/soft/NetGame
210,Silverback Gaming,https://slotcatalog.com/en/soft/Silverback-Gaming
211,Triple Cherry,https://slotcatalog.com/en/soft/Triple-Cherry
212,The Games Company,https://slotcatalog.com/en/soft/The-Games-Company
213,MahiGaming,https://slotcatalog.com/en/soft/MahiGaming
214,Retro Gaming,https://slotcatalog.com/en/soft/Retro-Gaming
215,Backseat Gaming,https://slotcatalog.com/en/soft/Backseat-Gaming
216,SUNFOX Games,https://slotcatalog.com/en/soft/SUNFOX-Games
217,Fugaso,https://slotcatalog.com/en/soft/Fugaso
218,Wild Boars Gaming,https://slotcatalog.com/en/soft/Wild-Boars-Gaming
219,Bad Dingo,https://slotcatalog.com/en/soft/Bad-Dingo
220,Endorphina,https://slotcatalog.com/en/soft/Endorphina
221,King Show Games,https://slotcatalog.com/en/soft/King-Show-Games
222,Gacha Studios,https://slotcatalog.com/en/soft/Gacha-Studios
223,Spinmatic,https://slotcatalog.com/en/soft/Spinmatic
224,High Flyer Games,https://slotcatalog.com/en/soft/High-Flyer-Games
225,Sthlm Gaming,https://slotcatalog.com/en/soft/Sthlm-Gaming
226,GVG,https://slotcatalog.com/en/soft/GVG
227,Novomatic,https://slotcatalog.com/en/soft/Novomatic
228,Others,https://slotcatalog.com/en/soft/Others
229,Oryx,https://slotcatalog.com/en/soft/Oryx
230,Spinstars,https://slotcatalog.com/en/soft/Spinstars
231,HungryBear,https://slotcatalog.com/en/soft/HungryBear
232,Evoplay,https://slotcatalog.com/en/soft/Evoplay
233,PAF,https://slotcatalog.com/en/soft/PAF
234,Getta Gaming,https://slotcatalog.com/en/soft/Getta-Gaming
235,Everi,https://slotcatalog.com/en/soft/Everi
236,Baltic Studios,https://slotcatalog.com/en/soft/Baltic-Studios
237,Apparat Gaming,https://slotcatalog.com/en/soft/Apparat-Gaming
238,Mobile FX,https://slotcatalog.com/en/soft/Mobile-FX
239,Pariplay,https://slotcatalog.com/en/soft/Pariplay
240,Micro Sova,https://slotcatalog.com/en/soft/Micro-Sova
241,Mazooma,https://slotcatalog.com/en/soft/Mazooma
242,iGaming2go,https://slotcatalog.com/en/soft/iGaming2go
243,Super Spade Games,https://slotcatalog.com/en/soft/Super-Spade-Games
244,BetConstruct,https://slotcatalog.com/en/soft/BetConstruct
245,Plank Gaming,https://slotcatalog.com/en/soft/Plank-Gaming
246,BB Games,https://slotcatalog.com/en/soft/BB-Games
247,Apex Gaming,https://slotcatalog.com/en/soft/Apex-Gaming
248,PlayJeux Studios,https://slotcatalog.com/en/soft/PlayJeux-Studios
249,Sigma Gaming,https://slotcatalog.com/en/soft/Sigma-Gaming
250,Genesis,https://slotcatalog.com/en/soft/Genesis
251,Markor Technology,https://slotcatalog.com/en/soft/Markor-Technology
252,Dragoon Soft,https://slotcatalog.com/en/soft/Dragoon-Soft
253,Atlantic Digital,https://slotcatalog.com/en/soft/Atlantic-Digital
254,Big Wave Gaming,https://slotcatalog.com/en/soft/Big-Wave-Gaming
255,Golden Hero,https://slotcatalog.com/en/soft/Golden-Hero
256,7777 Gaming,https://slotcatalog.com/en/soft/7777-Gaming
257,GAMING1,https://slotcatalog.com/en/soft/GAMING1
258,esball,https://slotcatalog.com/en/soft/esball
259,Trigger Studios,https://slotcatalog.com/en/soft/Trigger-Studios
260,Swintt,https://slotcatalog.com/en/soft/Swintt
261,MGA Games,https://slotcatalog.com/en/soft/MGA-Games
262,Games Warehouse,https://slotcatalog.com/en/soft/Games-Warehouse
263,Jili Games,https://slotcatalog.com/en/soft/Jili-Games
264,Side City,https://slotcatalog.com/en/soft/SideCity
265,Royal Slot Gaming,https://slotcatalog.com/en/soft/Royal-Slot-Gaming
266,Dream Tech,https://slotcatalog.com/en/soft/Dream-Tech
267,Ameba,https://slotcatalog.com/en/soft/Ameba
268,Aviatrix,https://slotcatalog.com/en/soft/Aviatrix
269,Platipus,https://slotcatalog.com/en/soft/Platipus
270,CQ9Gaming,https://slotcatalog.com/en/soft/CQ9Gaming
271,KA Gaming,https://slotcatalog.com/en/soft/KA-Gaming
272,CreedRoomz,https://slotcatalog.com/en/soft/CreedRoomz
273,Sapphire Gaming,https://slotcatalog.com/en/soft/Sapphire-Gaming
274,Bbin,https://slotcatalog.com/en/soft/Bbin
275,GECO Gaming,https://slotcatalog.com/en/soft/GECO-Gaming
276,MrSlotty,https://slotcatalog.com/en/soft/MrSlotty
277,ZeroFox Entertainment,https://slotcatalog.com/en/soft/ZeroFox-Entertainment
278,Apollo Games,https://slotcatalog.com/en/soft/Apollo-Games
279,HITSqwad,https://slotcatalog.com/en/soft/HITSqwad
280,Concept Gaming,https://slotcatalog.com/en/soft/Concept-Gaming
281,InBet Games,https://slotcatalog.com/en/soft/InBet-Games
282,Urgent Games,https://slotcatalog.com/en/soft/Urgent-Games
283,Gaming Corps,https://slotcatalog.com/en/soft/Gaming-Corps
284,Hölle Games,https://slotcatalog.com/en/soft/Holle-Games
285,Skyrocket Studios,https://slotcatalog.com/en/soft/Skyrocket-Studios
286,Triple Profits Games,https://slotcatalog.com/en/soft/Triple-Profits-Games
287,CT Gaming,https://slotcatalog.com/en/soft/CT-Gaming
288,Gamebeat,https://slotcatalog.com/en/soft/Gamebeat
289,DiceLab,https://slotcatalog.com/en/soft/DiceLab
290,Green Jade Games,https://slotcatalog.com/en/soft/Green-Jade-Games
291,AllWaySpin,https://slotcatalog.com/en/soft/AllWaySpin
292,TOP TREND GAMING,https://slotcatalog.com/en/soft/TOP-TREND-GAMING
293,Fine Edge Gaming,https://slotcatalog.com/en/soft/Fine-Edge-Gaming
294,Mascot Gaming,https://slotcatalog.com/en/soft/Mascot-Gaming
295,OneGame,https://slotcatalog.com/en/soft/OneGame
296,Vela Gaming,https://slotcatalog.com/en/soft/Vela-Gaming
297,TaDa Gaming,https://slotcatalog.com/en/soft/TaDa-Gaming
298,Arcadem,https://slotcatalog.com/en/soft/Arcadem
299,e-gaming,https://slotcatalog.com/en/soft/e-gaming
300,GamePlay,https://slotcatalog.com/en/soft/GamePlay
301,X Play,https://slotcatalog.com/en/soft/X-Play
302,GMW,https://slotcatalog.com/en/soft/GMW
303,Aspect Gaming,https://slotcatalog.com/en/soft/Aspect-Gaming
304,Win Fast,https://slotcatalog.com/en/soft/Win-Fast
305,FUGA Gaming,https://slotcatalog.com/en/soft/FUGA-Gaming
306,D-Tech,https://slotcatalog.com/en/soft/D-Tech
307,1spin4win,https://slotcatalog.com/en/soft/1spin4win
308,ZITRO,https://slotcatalog.com/en/soft/ZITRO
309,Adoptit,https://slotcatalog.com/en/soft/Adoptit
310,Manna Play,https://slotcatalog.com/en/soft/Manna-Play
311,MikoApps,https://slotcatalog.com/en/soft/MikoApps
312,Givme Games,https://slotcatalog.com/en/soft/Givme-Games
313,Probability Jones,https://slotcatalog.com/en/soft/Probability-Jones
314,SuperlottoTV,https://slotcatalog.com/en/soft/SuperlottoTV
315,Extreme Live Gaming,https://slotcatalog.com/en/soft/Extreme-Live-Gaming
316,Cozy,https://slotcatalog.com/en/soft/Cozy
317,Giocaonline,https://slotcatalog.com/en/soft/Giocaonline
318,Tuko Productions,https://slotcatalog.com/en/soft/Tuko-Productions
319,ELYSIUM Studios,https://slotcatalog.com/en/soft/ELYSIUM-Studios
320,Fils Game,https://slotcatalog.com/en/soft/Fils-Game
321,IGTech,https://slotcatalog.com/en/soft/IGTech
322,Tooz Games,https://slotcatalog.com/en/soft/Tooz-Games
323,Openbox Gaming,https://slotcatalog.com/en/soft/Openbox-Gaming
324,Betsense,https://slotcatalog.com/en/soft/Betsense
325,MultiSlot,https://slotcatalog.com/en/soft/MultiSlot
326,Belatra Games,https://slotcatalog.com/en/soft/Belatra-Games
327,Five Men Games,https://slotcatalog.com/en/soft/Five-Men-Games
328,Mighty Finger,https://slotcatalog.com/en/soft/Mighty-Finger
329,Spadegaming,https://slotcatalog.com/en/soft/Spadegaming
330,Pirates Gold Studios,https://slotcatalog.com/en/soft/Pirates-Gold-Studios
331,Aurify Gaming,https://slotcatalog.com/en/soft/Aurify-Gaming
332,Playnova,https://slotcatalog.com/en/soft/Playnova
333,Nextspin,https://slotcatalog.com/en/soft/Nextspin
334,RCT Gaming,https://slotcatalog.com/en/soft/RCT-Gaming
335,Ready Play Gaming,https://slotcatalog.com/en/soft/Ready-Play-Gaming
336,R. Franco,https://slotcatalog.com/en/soft/R-Franco
337,Axial Studio,https://slotcatalog.com/en/soft/Axial-Studio
338,Popiplay,https://slotcatalog.com/en/soft/Popiplay
339,TrueLab Games,https://slotcatalog.com/en/soft/TrueLab-Games
340,Asylum Labs Inc.,https://slotcatalog.com/en/soft/Asylum-Labs-Inc
341,Maverick,https://slotcatalog.com/en/soft/Maverick
342,Eurasian Gaming,https://slotcatalog.com/en/soft/Eurasian-Gaming
343,Esa Gaming,https://slotcatalog.com/en/soft/Esa-Gaming
344,Racjin,https://slotcatalog.com/en/soft/Racjin
345,RNGPlay,https://slotcatalog.com/en/soft/RNGPlay
346,Capecod Gaming,https://slotcatalog.com/en/soft/Capecod-Gaming
347,Elbet,https://slotcatalog.com/en/soft/Elbet
348,Gameiom,https://slotcatalog.com/en/soft/Gameiom
349,Turbo Games,https://slotcatalog.com/en/soft/Turbo-Games
350,NYX Gaming Group,https://slotcatalog.com/en/soft/NYX-Gaming-Group
351,Lost World Games,https://slotcatalog.com/en/soft/Lost-World-Games
352,Samurai Studio,https://slotcatalog.com/en/soft/Samurai-Studio
353,Magic Dreams,https://slotcatalog.com/en/soft/Magic-Dreams
354,Octavian Gaming,https://slotcatalog.com/en/soft/Octavian-Gaming
355,GameScale,https://slotcatalog.com/en/soft/GameScale
356,Chilli Games,https://slotcatalog.com/en/soft/Chilli-Games
357,Shacks Evolution Studios,https://slotcatalog.com/en/soft/Shacks-Evolution-Studios
358,Darwin Gaming,https://slotcatalog.com/en/soft/Darwin-Gaming
359,Zeal Instant Games,https://slotcatalog.com/en/soft/Zeal-Instant-Games
360,LuckyStreak,https://slotcatalog.com/en/soft/LuckyStreak
361,Cryptologic,https://slotcatalog.com/en/soft/Cryptologic
362,Dragon Gaming,https://slotcatalog.com/en/soft/Dragon-Gaming
363,Cogg Studios,https://slotcatalog.com/en/soft/Cogg-Studios
364,Spigo,https://slotcatalog.com/en/soft/Spigo
365,Ebet,https://slotcatalog.com/en/soft/Ebet
366,Playbro,https://slotcatalog.com/en/soft/Playbro
367,Radi8,https://slotcatalog.com/en/soft/Radi8
368,Fun1881,https://slotcatalog.com/en/soft/Fun1881
369,Fazi,https://slotcatalog.com/en/soft/Fazi
370,Join Games,https://slotcatalog.com/en/soft/Join-Games
371,YGR,https://slotcatalog.com/en/soft/YGR
372,X Line,https://slotcatalog.com/en/soft/X-Line
373,Kambi,https://slotcatalog.com/en/soft/Kambi
374,Spin Games,https://slotcatalog.com/en/soft/Spin-Games
375,Xatronic Software,https://slotcatalog.com/en/soft/Xatronic-Software
376,Phoenix 7,https://slotcatalog.com/en/soft/Phoenix-7
377,X Card,https://slotcatalog.com/en/soft/X-Card
378,Asia Gaming,https://slotcatalog.com/en/soft/Asia-Gaming
379,Shacks Evolution Studios,https://slotcatalog.com/en/soft/Shacks-Evolution-Studios
380,Darwin Gaming,https://slotcatalog.com/en/soft/Darwin-Gaming
381,Rakki,https://slotcatalog.com/en/soft/Rakki
382,Felix Gaming,https://slotcatalog.com/en/soft/Felix-Gaming
383,Laxino,https://slotcatalog.com/en/soft/Laxino
384,Splitrock Gaming,https://slotcatalog.com/en/soft/Splitrock-Gaming
385,SB Tech,https://slotcatalog.com/en/soft/SB-Tech
386,Charismatic,https://slotcatalog.com/en/soft/Charismatic
387,WMG,https://slotcatalog.com/en/soft/WMG
388,Bakoo,https://slotcatalog.com/en/soft/Bakoo
389,Vermantia,https://slotcatalog.com/en/soft/Vermantia
390,NetoPlay,https://slotcatalog.com/en/soft/NetoPlay
391,Phoenix Flames Studio,https://slotcatalog.com/en/soft/Phoenix-Flames-Studio
392,Konami,https://slotcatalog.com/en/soft/Konami
393,Beter Live,https://slotcatalog.com/en/soft/Beter-Live
394,Bragg Gaming,https://slotcatalog.com/en/soft/Bragg-Gaming
395,Bunfox,https://slotcatalog.com/en/soft/Bunfox
396,Advant Play,https://slotcatalog.com/en/soft/Advant-Play
397,Reloaded Gaming,https://slotcatalog.com/en/soft/Reloaded-Gaming
398,Mancala Gaming,https://slotcatalog.com/en/soft/Mancala-Gaming
399,Plain Gaming,https://slotcatalog.com/en/soft/Plain-Gaming
400,PoggiPlay,https://slotcatalog.com/en/soft/PoggiPlay
401,Present Creative,https://slotcatalog.com/en/soft/Present-Creative
402,XIN Gaming,https://slotcatalog.com/en/soft/XIN-Gaming
403,Tornado Games,https://slotcatalog.com/en/soft/Tornado-Games
404,Nemesis Game Studio,https://slotcatalog.com/en/soft/Nemesis-Game-Studio
405,BP Games,https://slotcatalog.com/en/soft/BP-Games
406,Spinoro,https://slotcatalog.com/en/soft/Spinoro
407,Three Tails,https://slotcatalog.com/en/soft/Three-Tails
408,KAJOT,https://slotcatalog.com/en/soft/KAJOT
409,Azure Tech,https://slotcatalog.com/en/soft/Azure-Tech
410,SimplePlay,https://slotcatalog.com/en/soft/SimplePlay
411,Igrosoft,https://slotcatalog.com/en/soft/Igrosoft
412,Cubeia,https://slotcatalog.com/en/soft/Cubeia
413,Kiron Interactive,https://slotcatalog.com/en/soft/Kiron-Interactive
414,SB Tech,https://slotcatalog.com/en/soft/SB-Tech
415,Bombay Live,https://slotcatalog.com/en/soft/Bombay-Live
416,Laxino,https://slotcatalog.com/en/soft/Laxino
417,Splitrock Gaming,https://slotcatalog.com/en/soft/Splitrock-Gaming
418,Phoenix Flames Studio,https://slotcatalog.com/en/soft/Phoenix-Flames-Studio
419,Konami,https://slotcatalog.com/en/soft/Konami
420,Charismatic,https://slotcatalog.com/en/soft/Charismatic
421,WMG,https://slotcatalog.com/en/soft/WMG
422,Bakoo,https://slotcatalog.com/en/soft/Bakoo
423,Vermantia,https://slotcatalog.com/en/soft/Vermantia
424,NetoPlay,https://slotcatalog.com/en/soft/NetoPlay
425,Advant Play,https://slotcatalog.com/en/soft/Advant-Play
426,Reloaded Gaming,https://slotcatalog.com/en/soft/Reloaded-Gaming
427,Mancala Gaming,https://slotcatalog.com/en/soft/Mancala-Gaming
428,Plain Gaming,https://slotcatalog.com/en/soft/Plain-Gaming
429,PoggiPlay,https://slotcatalog.com/en/soft/PoggiPlay
430,Present Creative,https://slotcatalog.com/en/soft/Present-Creative
431,Azure Tech,https://slotcatalog.com/en/soft/Azure-Tech
432,SimplePlay,https://slotcatalog.com/en/soft/SimplePlay
433,Igrosoft,https://slotcatalog.com/en/soft/Igrosoft
434,Cubeia,https://slotcatalog.com/en/soft/Cubeia
435,Kiron Interactive,https://slotcatalog.com/en/soft/Kiron-Interactive
436,GameCo,https://slotcatalog.com/en/soft/GameCo
437,Magellan,https://slotcatalog.com/en/soft/Magellan
438,Three Tails,https://slotcatalog.com/en/soft/Three-Tails
439,KAJOT,https://slotcatalog.com/en/soft/KAJOT
440,SB Tech,https://slotcatalog.com/en/soft/SB-Tech
441,Bombay Live,https://slotcatalog.com/en/soft/Bombay-Live
442,Laxino,https://slotcatalog.com/en/soft/Laxino
443,Splitrock Gaming,https://slotcatalog.com/en/soft/Splitrock-Gaming
444,Charismatic,https://slotcatalog.com/en/soft/Charismatic
445,WMG,https://slotcatalog.com/en/soft/WMG
446,Bakoo,https://slotcatalog.com/en/soft/Bakoo
447,Vermantia,https://slotcatalog.com/en/soft/Vermantia
448,NetoPlay,https://slotcatalog.com/en/soft/NetoPlay
449,Phoenix Flames Studio,https://slotcatalog.com/en/soft/Phoenix-Flames-Studio
450,Konami,https://slotcatalog.com/en/soft/Konami
451,PoggiPlay,https://slotcatalog.com/en/soft/PoggiPlay
452,Present Creative,https://slotcatalog.com/en/soft/Present-Creative
453,Beter Live,https://slotcatalog.com/en/soft/Beter-Live
454,Bragg Gaming,https://slotcatalog.com/en/soft/Bragg-Gaming
455,Packmaster Games,https://slotcatalog.com/en/soft/Packmaster-Games
456,AlteaGaming,https://slotcatalog.com/en/soft/AlteaGaming
457,SlotVision,https://slotcatalog.com/en/soft/SlotVision
458,Octoplay,https://slotcatalog.com/en/soft/Octoplay
459,TipTop,https://slotcatalog.com/en/soft/TipTop
460,FBM Digital Systems,https://slotcatalog.com/en/soft/FBM-Digital-Systems
461,Massive Studios,https://slotcatalog.com/en/soft/Massive-Studios
462,Cyber Slot,https://slotcatalog.com/en/soft/Cyber-Slot
463,Funta Gaming,https://slotcatalog.com/en/soft/Funta-Gaming
464,Iconic Gaming,https://slotcatalog.com/en/soft/Iconic-Gaming
465,Quik Gaming,https://slotcatalog.com/en/soft/Quik-Gaming
466,Slotmotion,https://slotcatalog.com/en/soft/Slotmotion
467,Allbet Gaming,https://slotcatalog.com/en/soft/Allbet-Gaming
468,BDM,https://slotcatalog.com/en/soft/BDM
469,ReelNRG,https://slotcatalog.com/en/soft/ReelNRG
470,Vision Casino Studio,https://slotcatalog.com/en/soft/Vision-Casino-Studio
471,Ela Games,https://slotcatalog.com/en/soft/Ela-Games
472,Powderkeg Studios,https://slotcatalog.com/en/soft/Powderkeg-Studios
473,Jackpot Software,https://slotcatalog.com/en/soft/Jackpot-Software
474,BlueGem Gaming,https://slotcatalog.com/en/soft/BlueGem-Gaming
475,Enrich Gaming,https://slotcatalog.com/en/soft/Enrich-Gaming
476,Zeal Instant Games,https://slotcatalog.com/en/soft/Zeal-Instant-Games
477,LuckyStreak,https://slotcatalog.com/en/soft/LuckyStreak
478,Cryptologic,https://slotcatalog.com/en/soft/Cryptologic
479,Matrix iGaming,https://slotcatalog.com/en/soft/Matrix-iGaming
480,SA Gaming,https://slotcatalog.com/en/soft/SA-Gaming
481,OMI Gaming,https://slotcatalog.com/en/soft/OMI-Gaming
482,Aruze Gaming,https://slotcatalog.com/en/soft/Aruze-Gaming
483,Ipanema Gaming,https://slotcatalog.com/en/soft/Ipanema-Gaming
484,Waystar,https://slotcatalog.com/en/soft/Waystar
485,Gamzix,https://slotcatalog.com/en/soft/Gamzix
486,Mutuel Play,https://slotcatalog.com/en/soft/Mutuel-Play
487,Casino Rewards,https://slotcatalog.com/en/soft/Casino-Rewards
488,Rising Entertainment,https://slotcatalog.com/en/soft/Rising-Entertainment
489,We Are Casino,https://slotcatalog.com/en/soft/We-Are-Casino
490,Portomaso Gaming,https://slotcatalog.com/en/soft/Portomaso-Gaming
491,Sega Sammy,https://slotcatalog.com/en/soft/Sega-Sammy
492,Barbara Bang,https://slotcatalog.com/en/soft/Barbara-Bang
493,Woohoo,https://slotcatalog.com/en/soft/Woohoo
494,XPG,https://slotcatalog.com/en/soft/XPG
495,World Match,https://slotcatalog.com/en/soft/World-Match
496,Unicum,https://slotcatalog.com/en/soft/Unicum
497,Jumbo Games,https://slotcatalog.com/en/soft/Jumbo
498,Zeus Play,https://slotcatalog.com/en/soft/Zeus-Play
499,Game360,https://slotcatalog.com/en/soft/Game360
500,Redstone,https://slotcatalog.com/en/soft/Redstone
501,7mojos,https://slotcatalog.com/en/soft/7mojos
502,Lambda Gaming,https://slotcatalog.com/en/soft/Lambda-Gaming
503,Playreels,https://slotcatalog.com/en/soft/Playreels
504,DLV,https://slotcatalog.com/en/soft/DLV
505,Game360,https://slotcatalog.com/en/soft/Game360
506,Upgaming,https://slotcatalog.com/en/soft/Upgaming
507,Indi Slots,https://slotcatalog.com/en/soft/Indi-Slots
508,Aiwin Games,https://slotcatalog.com/en/soft/Aiwin-Games
509,Onlyplay,https://slotcatalog.com/en/soft/Onlyplay
510,Infinite Creativity Technology,https://slotcatalog.com/en/soft/Infinite-Creativity-Technology
511,Baldazzi Styl Art,https://slotcatalog.com/en/soft/Baldazzi-Styl-Art
512,GiG Games,https://slotcatalog.com/en/soft/GiG-Games
513,Red Panda,https://slotcatalog.com/en/soft/Red-Panda
514,Holland Power Gaming,https://slotcatalog.com/en/soft/Holland-Power-Gaming
515,GameCo,https://slotcatalog.com/en/soft/GameCo
516,Magellan,https://slotcatalog.com/en/soft/Magellan
517,Three Tails,https://slotcatalog.com/en/soft/Three-Tails
518,KAJOT,https://slotcatalog.com/en/soft/KAJOT
519,Azure Tech,https://slotcatalog.com/en/soft/Azure-Tech
520,SimplePlay,https://slotcatalog.com/en/soft/SimplePlay
521,Igrosoft,https://slotcatalog.com/en/soft/Igrosoft
522,Cubeia,https://slotcatalog.com/en/soft/Cubeia
523,Kiron Interactive,https://slotcatalog.com/en/soft/Kiron-Interactive
524,Splitrock Gaming,https://slotcatalog.com/en/soft/Splitrock-Gaming
525,SB Tech,https://slotcatalog.com/en/soft/SB-Tech
526,Bombay Live,https://slotcatalog.com/en/soft/Bombay-Live
527,SB Tech,https://slotcatalog.com/en/soft/SB-Tech
528,WMG,https://slotcatalog.com/en/soft/WMG
529,Bakoo,https://slotcatalog.com/en/soft/Bakoo
530,Vermantia,https://slotcatalog.com/en/soft/Vermantia
531,NetoPlay,https://slotcatalog.com/en/soft/NetoPlay
532,Phoenix Flames Studio,https://slotcatalog.com/en/soft/Phoenix-Flames-Studio
533,Konami,https://slotcatalog.com/en/soft/Konami
534,Charismatic,https://slotcatalog.com/en/soft/Charismatic
535,Beter Live,https://slotcatalog.com/en/soft/Beter-Live
536,Bragg Gaming,https://slotcatalog.com/en/soft/Bragg-Gaming
537,Bunfox,https://slotcatalog.com/en/soft/Bunfox
538,Advant Play,https://slotcatalog.com/en/soft/Advant-Play
539,Reloaded Gaming,https://slotcatalog.com/en/soft/Reloaded-Gaming
540,Mancala Gaming,https://slotcatalog.com/en/soft/Mancala-Gaming
541,Plain Gaming,https://slotcatalog.com/en/soft/Plain-Gaming
542,PoggiPlay,https://slotcatalog.com/en/soft/PoggiPlay
543,Present Creative,https://slotcatalog.com/en/soft/Present-Creative
544,XIN Gaming,https://slotcatalog.com/en/soft/XIN-Gaming
545,Tornado Games,https://slotcatalog.com/en/soft/Tornado-Games
546,Nemesis Game Studio,https://slotcatalog.com/en/soft/Nemesis-Game-Studio
547,BP Games,https://slotcatalog.com/en/soft/BP-Games
548,Spinoro,https://slotcatalog.com/en/soft/Spinoro
549,GameX,https://slotcatalog.com/en/soft/GameX
550,Booongo,https://slotcatalog.com/en/soft/Booongo
551,Sega Sammy,https://slotcatalog.com/en/soft/Sega-Sammy
552,Barbara Bang,https://slotcatalog.com/en/soft/Barbara-Bang
553,Woohoo,https://slotcatalog.com/en/soft/Woohoo
554,XPG,https://slotcatalog.com/en/soft/XPG
555,World Match,https://slotcatalog.com/en/soft/World-Match
556,Unicum,https://slotcatalog.com/en/soft/Unicum
557,Jumbo Games,https://slotcatalog.com/en/soft/Jumbo
558,Zeus Play,https://slotcatalog.com/en/soft/Zeus-Play
559,Casino Rewards,https://slotcatalog.com/en/soft/Casino-Rewards
560,Rising Entertainment,https://slotcatalog.com/en/soft/Rising-Entertainment
561,We Are Casino,https://slotcatalog.com/en/soft/We-Are-Casino
562,Portomaso Gaming,https://slotcatalog.com/en/soft/Portomaso-Gaming
563,Redstone,https://slotcatalog.com/en/soft/Redstone
564,7mojos,https://slotcatalog.com/en/soft/7mojos
565,Lambda Gaming,https://slotcatalog.com/en/soft/Lambda-Gaming
566,Pascal Gaming,https://slotcatalog.com/en/soft/Pascal-Gaming
567,Playreels,https://slotcatalog.com/en/soft/Playreels
568,DLV,https://slotcatalog.com/en/soft/DLV
569,Game360,https://slotcatalog.com/en/soft/Game360
570,Upgaming,https://slotcatalog.com/en/soft/Upgaming
571,Indi Slots,https://slotcatalog.com/en/soft/Indi-Slots
572,Aiwin Games,https://slotcatalog.com/en/soft/Aiwin-Games
573,Onlyplay,https://slotcatalog.com/en/soft/Onlyplay
574,Infinite Creativity Technology,https://slotcatalog.com/en/soft/Infinite-Creativity-Technology
